n,mean departure,mean payoff
1,10.0,83.22222222222223
2,20.0,82.44444444444444
3,30.0,81.66666666666667
4,40.0,80.88888888888889
5,32.0,80.77827160493827
6,26.666666666666668,80.70452674897119
7,22.857142857142858,80.65185185185184
8,20.0,80.61234567901235
9,17.77777777777778,80.58161865569274
